"","V1","V2","V3","V4","V5","V6","V7","V8","V9","V10","V11","V12","V13","V14","V15","V16","V17","V18","V19","V20","V21","V22","V23","V24","V25","V26","V27","V28","V29","V30","V31","V32","V33","V34","V35","V36","V37","V38"
"1",0,0,0,0,0,0,0,0,0,0,0,0,0,0,0,0,0,0,0,0,0,0,0,0,0,0,0,0,0,0,0,0,0,0,0,0,0,0
"2",1,0,1,1,1,1,1,0,1,1,1,0,0,1,1,1,1,1,0,1,0,0,1,1,0,1,0,0,1,1,1,1,1,1,1,1,1,1
"3",1,0,1,1,1,1,1,0,1,1,1,0,1,1,1,1,1,1,0,1,1,0,1,1,1,1,1,0,1,1,1,1,1,1,0,1,1,1
"4",1,0,1,0,0,1,1,0,1,1,0,0,0,1,1,1,1,1,0,1,1,0,1,1,1,1,1,0,1,1,1,1,1,1,1,1,1,1
"5",0,0,1,0,1,1,1,0,0,1,1,0,0,0,0,1,0,1,0,1,0,0,1,1,0,0,0,0,0,1,1,1,0,0,0,0,0,1
"6",0,0,0,0,0,1,0,1,0,1,1,0,1,0,1,1,0,1,1,0,0,1,0,0,0,0,0,0,1,1,1,0,0,1,0,1,0,0
"7",1,0,1,1,0,1,1,0,0,1,1,0,0,1,1,1,1,0,0,1,1,0,1,0,0,0,0,0,1,0,1,0,0,1,0,1,0,0
"8",0,0,1,0,0,1,0,0,1,1,0,0,0,0,1,1,0,1,1,1,0,0,0,1,1,0,0,0,0,1,1,0,0,1,0,1,0,0
"9",0,1,1,0,1,0,1,1,0,1,1,1,1,0,1,1,1,1,0,1,0,1,1,1,1,0,1,0,1,1,1,0,1,1,0,1,1,0
"10",0,1,1,1,0,0,1,0,1,0,1,0,0,0,0,0,1,1,0,1,1,0,1,1,0,0,1,0,0,1,1,1,1,1,0,1,0,1
"11",1,0,0,0,0,0,1,0,1,1,1,0,0,0,0,1,0,0,0,1,1,0,0,0,0,1,0,1,1,1,1,1,1,1,0,1,0,1
"12",0,0,1,0,0,1,0,0,1,1,0,1,1,0,0,0,0,0,0,1,0,0,1,1,1,1,1,0,0,1,0,0,1,1,0,0,1,1
"13",0,1,1,0,0,1,0,1,1,1,1,0,0,0,1,0,0,0,1,1,1,0,1,1,0,0,0,1,0,1,1,1,1,0,0,1,1,1
"14",0,0,1,0,0,1,0,1,0,1,0,0,0,0,0,0,1,0,0,0,0,0,1,1,0,1,1,1,0,1,1,1,1,1,0,1,1,1
"15",0,0,1,0,0,1,1,1,0,1,1,0,0,0,1,1,0,0,0,1,0,0,1,1,0,1,0,1,0,1,1,1,1,1,0,1,1,1
"16",0,0,0,0,0,0,0,1,1,1,0,0,0,0,0,1,0,1,1,1,0,0,1,1,0,0,0,0,1,1,0,0,1,1,0,1,1,1
"17",0,1,0,1,1,1,1,1,1,1,1,0,1,0,0,0,0,0,0,1,0,1,1,1,1,1,0,0,1,0,1,0,1,0,0,1,1,1
"18",1,0,1,0,1,1,1,1,0,1,0,1,0,1,1,0,0,0,0,1,0,0,1,1,0,1,0,0,1,0,0,0,0,1,0,0,0,0
"19",0,1,1,0,1,0,0,0,0,1,1,0,1,0,1,1,1,1,0,1,0,0,1,0,1,0,0,0,0,1,1,0,1,1,0,1,1,0
"20",0,0,0,1,1,1,0,1,0,1,0,0,0,1,0,0,0,1,0,1,0,0,0,1,0,0,0,0,0,0,0,0,0,1,0,0,0,1
"21",1,0,1,1,1,1,1,0,1,1,1,0,0,1,1,1,1,1,0,1,0,0,1,1,0,1,0,0,1,1,1,1,1,1,1,1,1,1
"22",0,0,0,0,0,0,0,0,0,0,0,0,0,0,0,0,0,0,0,0,0,0,0,0,0,0,0,0,0,0,0,0,0,0,0,0,0,0
"23",1,1,0,1,0,1,0,0,0,1,1,1,1,0,0,0,1,1,1,1,0,1,0,1,0,0,0,0,0,1,0,1,0,1,0,0,0,0
"24",0,0,1,0,1,1,1,1,1,0,1,1,1,0,0,0,1,1,0,1,0,0,1,1,1,0,1,0,1,1,1,1,1,1,1,1,1,1
"25",0,0,1,1,1,1,1,1,1,1,1,1,1,0,1,0,0,1,0,1,1,0,1,1,1,0,1,0,1,1,1,1,0,1,0,1,0,0
"26",1,0,1,0,1,1,1,1,1,1,1,1,1,1,0,0,1,1,1,1,1,1,1,1,1,1,1,0,1,0,1,1,0,1,0,0,0,0
"27",1,0,1,0,1,1,1,1,1,1,1,0,1,1,0,1,1,1,0,1,1,0,0,0,1,0,0,0,1,1,1,0,0,0,0,1,0,0
"28",0,0,1,0,1,1,0,0,0,1,1,0,1,0,0,0,1,1,0,1,1,0,1,0,0,0,1,0,1,1,1,0,1,1,0,1,0,1
"29",0,1,1,1,1,1,0,0,1,1,1,0,1,1,0,1,0,1,0,1,1,1,1,1,1,0,1,1,1,0,1,1,1,1,0,0,1,0
"30",1,1,0,0,1,1,1,1,0,0,1,1,0,0,1,0,0,0,1,0,1,0,1,0,1,0,0,0,1,0,0,0,0,0,1,1,0,0
"31",0,0,0,0,0,0,0,0,0,0,1,0,0,0,0,1,0,1,0,0,0,0,0,0,1,0,0,1,0,1,0,1,0,0,0,1,0,0
"32",0,1,1,0,0,0,0,0,0,1,1,0,0,0,1,0,0,0,0,1,1,0,1,0,1,1,0,0,0,0,0,0,0,1,0,0,0,0
"33",0,1,0,0,0,0,0,0,0,1,1,0,0,0,0,0,0,1,0,1,0,0,0,0,0,0,0,0,0,0,0,0,0,0,0,0,0,0
"34",0,0,0,0,0,0,1,0,1,0,0,0,1,0,0,0,0,1,0,1,0,0,0,0,0,1,0,0,0,1,0,0,0,0,0,0,0,0
"35",1,0,0,0,0,0,1,0,1,1,1,0,0,0,0,1,0,1,0,0,0,0,1,1,0,0,1,0,0,0,0,1,0,0,0,0,0,0
"36",1,0,0,0,0,0,1,0,0,1,1,0,0,0,1,0,0,0,0,1,0,0,0,1,0,0,0,0,0,0,0,0,0,1,0,0,0,0
"37",0,0,0,1,1,0,0,1,0,1,0,1,1,0,1,0,0,0,0,1,0,0,0,0,0,0,0,0,0,0,0,0,0,0,0,0,1,0
"38",0,0,0,1,1,0,1,1,1,1,0,0,0,0,0,0,0,0,0,0,0,0,0,0,0,0,0,0,0,0,0,0,0,0,0,0,0,0
"39",1,0,1,0,0,1,0,1,1,0,1,0,0,1,0,0,0,1,1,1,1,0,0,0,1,0,0,0,1,1,0,0,0,1,1,1,0,0
"40",0,0,1,0,0,1,0,1,1,1,0,0,0,1,0,0,0,1,0,0,0,0,1,0,0,0,0,0,1,1,0,0,1,1,1,0,1,0
"41",1,0,1,1,1,1,1,0,1,1,1,0,1,1,1,1,1,1,0,1,1,0,1,1,1,1,1,0,1,1,1,1,1,1,0,1,1,1
"42",1,1,0,1,0,1,0,0,0,1,1,1,1,0,0,0,1,1,1,1,0,1,0,1,0,0,0,0,0,1,0,1,0,1,0,0,0,0
"43",0,0,0,0,0,0,0,0,0,0,0,0,0,0,0,0,0,0,0,0,0,0,0,0,0,0,0,0,0,0,0,0,0,0,0,0,0,0
"44",0,0,1,1,0,1,1,1,1,1,1,0,1,1,1,1,0,1,0,1,1,1,1,1,1,1,1,1,1,1,1,0,1,1,1,1,1,1
"45",1,0,1,1,0,1,1,1,1,1,1,0,0,0,1,1,0,1,0,1,1,0,1,1,1,1,1,1,1,1,1,1,1,1,1,1,0,1
"46",1,0,1,1,1,1,1,1,1,1,1,0,1,1,1,1,1,1,0,1,1,0,1,1,1,1,1,0,1,1,1,1,1,1,0,1,1,1
"47",1,0,0,1,1,1,0,1,1,1,1,1,1,1,1,1,1,1,0,1,1,1,0,1,0,0,0,1,1,1,1,1,1,1,0,1,0,1
"48",0,0,0,0,0,0,0,0,1,0,0,1,1,0,0,1,0,1,0,1,0,0,1,0,0,0,0,0,0,0,1,1,0,0,0,1,0,1
"49",0,0,1,0,0,1,0,1,1,1,0,0,0,0,0,1,0,1,1,1,1,1,1,1,1,0,0,0,0,1,1,1,1,1,1,1,1,1
"50",1,0,0,0,0,0,0,0,1,0,0,1,0,0,1,0,0,0,0,1,1,0,0,0,0,0,0,0,0,0,0,0,0,0,0,0,0,0
"51",1,0,0,0,0,0,0,0,0,0,0,0,0,0,0,1,0,1,1,1,0,0,0,1,0,0,0,0,0,0,0,1,0,0,0,1,0,0
"52",0,0,1,1,1,1,1,0,1,1,1,1,0,1,1,1,1,1,0,1,0,1,1,1,1,1,0,0,1,1,1,0,1,1,1,1,1,1
"53",0,0,1,0,0,0,0,0,0,0,0,0,0,0,0,0,1,0,0,0,1,1,0,0,0,0,0,0,0,0,1,0,0,0,0,0,1,0
"54",0,0,1,1,1,1,1,0,1,1,1,0,1,1,1,1,1,1,0,1,0,0,0,1,1,1,1,0,1,1,1,0,1,1,1,0,1,1
"55",0,1,1,1,1,1,1,0,1,1,0,1,0,0,1,0,0,1,1,1,0,0,1,1,1,1,1,0,0,1,1,0,1,1,1,0,1,0
"56",0,0,1,0,1,0,0,0,0,1,1,0,0,0,0,0,0,1,0,1,1,0,1,1,1,1,1,0,0,1,1,0,0,1,0,0,0,1
"57",1,0,0,0,0,1,1,1,0,1,0,0,0,1,0,0,1,1,1,1,1,0,0,1,0,1,0,0,0,1,1,0,0,1,0,0,0,0
"58",1,0,1,1,1,1,1,1,1,1,1,1,1,1,0,1,1,1,1,1,0,0,0,1,1,0,0,0,0,0,0,1,1,0,0,0,0,0
"59",0,0,1,0,1,1,1,0,0,1,1,0,0,0,1,1,1,1,0,1,0,0,0,1,1,0,0,0,1,1,1,0,1,1,1,1,1,1
"60",0,0,1,0,1,0,1,0,1,1,1,0,0,0,1,1,0,1,0,1,0,0,0,1,1,0,0,0,1,1,1,0,0,1,1,1,0,1
"61",1,0,1,0,0,1,1,0,1,1,0,0,0,1,1,1,1,1,0,1,1,0,1,1,1,1,1,0,1,1,1,1,1,1,1,1,1,1
"62",0,0,1,0,1,1,1,1,1,0,1,1,1,0,0,0,1,1,0,1,0,0,1,1,1,0,1,0,1,1,1,1,1,1,1,1,1,1
"63",0,0,1,1,0,1,1,1,1,1,1,0,1,1,1,1,0,1,0,1,1,1,1,1,1,1,1,1,1,1,1,0,1,1,1,1,1,1
"64",0,0,0,0,0,0,0,0,0,0,0,0,0,0,0,0,0,0,0,0,0,0,0,0,0,0,0,0,0,0,0,0,0,0,0,0,0,0
"65",0,0,1,0,0,1,1,0,0,1,0,1,0,1,0,0,1,0,0,1,0,0,1,1,1,1,1,0,1,1,1,1,1,1,1,1,0,0
"66",0,0,1,1,1,1,1,0,1,1,1,0,1,1,1,0,1,1,0,1,1,0,1,1,1,1,1,0,1,1,1,1,1,1,1,1,1,1
"67",1,1,0,0,0,1,1,0,1,1,0,0,0,0,1,1,0,0,1,1,1,0,1,1,1,1,1,0,1,1,1,0,1,1,1,0,0,1
"68",0,0,0,0,0,0,1,0,1,0,0,0,1,0,0,1,1,0,0,1,0,1,1,1,1,1,1,1,1,0,0,1,0,0,0,0,0,1
"69",0,1,1,0,1,1,1,1,1,1,1,1,0,0,0,0,1,0,0,1,1,1,1,1,1,0,1,0,1,1,0,1,1,1,1,1,1,1
"70",0,0,0,0,0,0,1,0,0,0,1,0,0,0,1,0,0,1,0,1,0,1,0,0,0,0,0,0,0,1,1,0,0,1,1,0,0,0
"71",0,0,0,1,0,1,0,0,0,0,1,0,0,1,0,1,1,1,0,0,0,0,0,0,1,0,0,0,0,0,0,1,0,0,0,1,0,0
"72",0,1,1,1,0,0,1,0,0,1,1,0,0,1,1,1,0,0,0,1,1,0,1,1,0,0,0,0,1,1,0,1,1,1,1,1,0,1
"73",0,0,1,1,0,1,0,0,1,0,0,0,0,0,0,0,1,0,0,0,1,0,1,0,0,0,0,0,1,0,0,0,1,1,1,1,1,0
"74",0,1,0,0,0,0,1,0,0,1,0,1,0,0,0,1,0,0,0,1,0,1,1,1,1,0,0,0,0,0,0,0,1,1,1,0,1,0
"75",1,0,0,1,1,0,0,0,0,1,0,1,1,0,0,0,0,1,0,1,1,0,0,1,1,0,1,1,1,0,0,1,1,0,1,0,1,1
"76",0,1,1,0,1,0,0,0,1,0,0,0,1,0,0,1,1,1,1,0,0,0,0,1,1,1,0,0,0,0,0,0,0,0,1,0,0,0
"77",0,1,1,1,1,0,1,0,1,1,1,0,1,1,0,0,0,1,1,1,0,0,0,0,0,0,0,0,0,0,1,0,0,1,0,0,1,0
"78",1,1,1,1,1,1,1,1,1,1,1,1,1,1,1,1,1,1,1,1,0,0,0,1,1,0,0,0,0,0,1,0,1,1,1,0,0,0
"79",0,1,1,1,1,0,0,1,0,1,1,1,1,1,1,1,0,1,0,1,1,0,0,1,0,1,0,0,0,0,0,0,0,0,0,0,0,1
"80",0,1,1,1,0,1,0,0,1,1,0,1,0,1,1,1,0,1,1,1,0,0,0,1,0,0,0,0,1,0,0,0,0,1,1,0,0,1
"81",0,0,1,0,1,1,1,0,0,1,1,0,0,0,0,1,0,1,0,1,0,0,1,1,0,0,0,0,0,1,1,1,0,0,0,0,0,1
"82",0,0,1,1,1,1,1,1,1,1,1,1,1,0,1,0,0,1,0,1,1,0,1,1,1,0,1,0,1,1,1,1,0,1,0,1,0,0
"83",1,0,1,1,0,1,1,1,1,1,1,0,0,0,1,1,0,1,0,1,1,0,1,1,1,1,1,1,1,1,1,1,1,1,1,1,0,1
"84",0,0,1,0,0,1,1,0,0,1,0,1,0,1,0,0,1,0,0,1,0,0,1,1,1,1,1,0,1,1,1,1,1,1,1,1,0,0
"85",0,0,0,0,0,0,0,0,0,0,0,0,0,0,0,0,0,0,0,0,0,0,0,0,0,0,0,0,0,0,0,0,0,0,0,0,0,0
"86",0,0,0,0,0,0,1,0,1,1,0,0,0,0,0,0,1,1,0,1,1,0,0,1,1,0,0,0,0,0,0,0,0,0,0,0,0,0
"87",1,0,0,0,0,1,1,0,0,1,1,1,1,0,1,1,0,1,0,1,0,0,0,0,1,0,0,0,0,1,0,1,0,0,0,0,0,0
"88",0,0,1,0,0,0,1,0,1,1,0,1,1,0,1,0,0,1,0,0,1,1,1,0,0,1,0,0,0,0,1,1,1,1,0,1,1,1
"89",0,1,1,0,0,1,0,0,1,1,1,0,0,0,1,1,0,0,1,0,0,0,0,1,1,0,1,0,1,0,1,1,1,0,1,0,0,0
"90",1,1,1,0,0,0,0,0,1,1,1,0,0,1,0,0,1,1,0,1,1,0,0,0,0,0,0,0,0,1,0,1,0,0,1,0,0,0
"91",0,0,1,1,1,1,0,0,0,1,1,0,0,0,1,1,0,1,0,1,0,0,1,1,0,0,0,0,0,1,1,1,0,0,0,0,0,1
"92",0,0,1,1,1,1,0,0,0,1,0,1,1,1,0,0,0,0,0,1,0,1,0,0,1,0,1,0,0,0,0,0,0,1,0,0,0,0
"93",0,0,0,1,0,0,0,0,1,0,0,0,0,0,0,0,0,0,1,1,1,0,0,0,0,1,0,0,1,0,0,0,0,1,0,1,0,1
"94",0,1,1,0,0,0,1,0,1,0,0,1,0,0,0,1,0,1,0,0,0,0,1,0,1,0,0,0,0,1,1,0,0,1,1,1,0,0
"95",0,0,1,1,1,1,1,1,1,1,1,1,1,1,1,0,0,1,1,1,1,1,1,1,1,1,1,0,1,1,1,0,1,1,1,1,1,1
"96",1,1,1,1,1,1,1,0,1,1,1,1,1,1,1,1,1,1,1,1,1,1,1,1,1,1,1,0,1,1,1,1,1,1,1,1,1,1
"97",1,0,1,1,1,1,1,0,1,1,1,1,0,1,1,1,1,1,1,1,1,1,1,1,1,1,1,1,1,1,1,1,1,1,1,1,1,1
"98",1,1,1,1,1,1,1,0,1,1,1,0,1,1,1,1,1,1,1,1,1,1,1,1,1,1,1,1,1,1,1,1,1,1,1,1,1,1
"99",0,0,0,0,0,0,0,1,1,1,0,0,0,0,0,1,0,0,0,0,0,1,0,0,0,0,0,0,0,0,0,1,0,0,0,0,0,0
"100",0,1,0,0,1,0,1,1,1,1,1,1,1,0,1,1,0,1,1,1,0,1,0,1,1,1,1,1,0,0,1,1,0,1,0,0,0,1
"101",0,0,0,0,0,1,0,1,0,1,1,0,1,0,1,1,0,1,1,0,0,1,0,0,0,0,0,0,1,1,1,0,0,1,0,1,0,0
"102",1,0,1,0,1,1,1,1,1,1,1,1,1,1,0,0,1,1,1,1,1,1,1,1,1,1,1,0,1,0,1,1,0,1,0,0,0,0
"103",1,0,1,1,1,1,1,1,1,1,1,0,1,1,1,1,1,1,0,1,1,0,1,1,1,1,1,0,1,1,1,1,1,1,0,1,1,1
"104",0,0,1,1,1,1,1,0,1,1,1,0,1,1,1,0,1,1,0,1,1,0,1,1,1,1,1,0,1,1,1,1,1,1,1,1,1,1
"105",0,0,0,0,0,0,1,0,1,1,0,0,0,0,0,0,1,1,0,1,1,0,0,1,1,0,0,0,0,0,0,0,0,0,0,0,0,0
"106",0,0,0,0,0,0,0,0,0,0,0,0,0,0,0,0,0,0,0,0,0,0,0,0,0,0,0,0,0,0,0,0,0,0,0,0,0,0
"107",0,1,1,1,1,1,1,0,1,1,1,1,1,1,1,1,0,1,0,1,0,0,1,1,1,1,1,0,1,1,1,1,1,1,1,1,0,1
"108",0,1,1,1,0,1,1,0,1,1,1,0,1,1,1,1,1,1,0,1,0,1,0,1,1,1,1,0,1,1,1,0,1,1,1,1,1,1
"109",0,0,1,0,0,1,0,0,1,1,1,0,0,0,0,0,0,0,0,0,0,0,1,0,1,0,0,1,1,1,0,1,1,0,0,1,0,0
"110",0,1,1,0,0,0,0,1,0,1,1,1,1,0,0,1,1,1,0,0,0,0,0,0,1,0,1,0,1,1,1,0,0,0,0,1,0,0
"111",0,1,1,0,1,0,1,0,1,1,1,0,0,0,0,1,0,1,0,1,1,0,1,1,1,1,1,0,1,1,1,1,0,1,0,1,0,1
"112",1,0,1,0,1,0,1,0,1,1,1,0,0,1,0,1,1,1,0,1,1,1,1,1,1,0,1,0,0,1,1,1,1,1,0,1,0,1
"113",1,1,0,0,0,0,1,0,1,1,1,0,0,0,1,1,1,1,0,1,1,1,0,0,1,0,1,0,1,1,1,1,1,1,1,1,1,1
"114",0,0,0,0,0,1,1,1,1,1,1,0,1,0,0,0,0,0,0,0,0,0,1,1,1,1,1,0,0,1,1,0,0,1,1,0,0,0
"115",0,0,1,0,0,0,0,0,1,1,0,0,0,0,1,0,0,0,0,0,1,1,0,1,1,0,1,0,1,1,1,1,1,1,0,1,0,0
"116",0,0,1,0,0,1,1,0,0,1,0,0,0,0,1,1,1,1,0,1,0,0,0,1,1,1,1,0,1,1,0,1,1,1,1,1,1,0
"117",0,0,1,0,0,0,1,0,0,1,1,1,0,1,1,0,1,0,0,1,1,1,0,1,1,1,1,1,0,1,1,1,0,1,1,1,1,0
"118",0,1,1,0,1,0,1,0,1,1,0,0,1,1,1,1,0,0,0,1,1,0,0,1,1,0,1,1,1,1,0,0,0,0,0,0,1,1
"119",0,1,1,1,1,1,1,1,1,1,1,1,1,1,1,1,1,1,1,1,0,1,1,1,1,1,1,0,1,1,1,1,1,1,1,1,1,1
"120",1,1,0,1,1,1,0,0,0,1,1,0,1,0,1,1,0,0,0,1,0,1,0,0,1,0,0,0,0,0,1,0,0,0,0,0,0,1
"121",1,0,1,1,0,1,1,0,0,1,1,0,0,1,1,1,1,0,0,1,1,0,1,0,0,0,0,0,1,0,1,0,0,1,0,1,0,0
"122",1,0,1,0,1,1,1,1,1,1,1,0,1,1,0,1,1,1,0,1,1,0,0,0,1,0,0,0,1,1,1,0,0,0,0,1,0,0
"123",1,0,0,1,1,1,0,1,1,1,1,1,1,1,1,1,1,1,0,1,1,1,0,1,0,0,0,1,1,1,1,1,1,1,0,1,0,1
"124",1,1,0,0,0,1,1,0,1,1,0,0,0,0,1,1,0,0,1,1,1,0,1,1,1,1,1,0,1,1,1,0,1,1,1,0,0,1
"125",1,0,0,0,0,1,1,0,0,1,1,1,1,0,1,1,0,1,0,1,0,0,0,0,1,0,0,0,0,1,0,1,0,0,0,0,0,0
"126",0,1,1,1,1,1,1,0,1,1,1,1,1,1,1,1,0,1,0,1,0,0,1,1,1,1,1,0,1,1,1,1,1,1,1,1,0,1
"127",0,0,0,0,0,0,0,0,0,0,0,0,0,0,0,0,0,0,0,0,0,0,0,0,0,0,0,0,0,0,0,0,0,0,0,0,0,0
"128",1,1,1,1,1,1,1,0,1,1,1,0,1,1,1,0,0,1,0,1,1,0,1,1,1,1,0,1,1,1,1,1,1,1,1,1,1,1
"129",1,1,1,0,1,1,0,1,1,1,1,1,1,0,1,0,1,1,0,1,1,1,1,1,1,0,0,0,1,1,1,0,1,0,1,1,1,0
"130",0,1,1,1,1,0,0,0,0,0,1,1,1,0,1,0,1,1,0,1,1,0,1,1,0,1,1,1,1,1,1,0,0,0,0,1,0,1
"131",0,1,1,1,1,1,1,1,1,1,1,1,1,1,0,1,0,1,0,1,1,0,1,1,1,1,1,0,1,1,1,1,1,1,0,1,0,1
"132",0,0,0,0,0,0,0,0,0,1,1,0,0,0,1,0,0,1,0,0,1,0,0,0,0,0,0,0,0,0,0,0,0,0,0,0,0,1
"133",1,0,1,0,0,0,1,0,1,0,0,0,0,0,0,0,0,0,0,0,1,0,1,0,0,0,0,1,0,0,1,0,0,1,0,0,0,1
"134",0,1,0,0,0,0,1,0,0,1,0,0,0,0,1,0,0,0,0,0,1,1,0,0,0,0,1,0,0,0,0,1,0,1,0,0,0,1
"135",0,1,0,1,0,0,0,1,0,1,0,0,0,0,0,0,0,1,0,1,0,0,0,1,0,1,0,0,0,0,1,0,0,0,0,0,1,0
"136",1,0,1,0,0,1,1,0,0,1,1,0,0,0,0,0,0,0,0,1,0,0,0,0,0,0,0,0,1,1,1,0,0,0,0,0,0,0
"137",1,0,1,1,0,0,1,0,1,1,1,0,0,0,1,0,0,1,0,0,0,0,0,1,1,0,1,0,1,1,1,0,0,0,0,0,0,0
"138",0,1,0,0,0,0,1,0,1,1,1,0,1,0,0,0,0,0,1,0,0,0,0,0,0,0,0,0,0,0,0,0,0,0,0,0,0,0
"139",0,1,1,0,1,1,0,1,1,1,0,0,1,0,0,0,0,1,0,1,0,0,0,1,1,0,0,0,0,1,1,0,1,0,1,0,0,0
"140",0,0,0,1,1,0,0,1,0,1,1,1,1,1,0,1,0,0,0,1,0,1,1,1,0,0,0,0,0,0,0,0,0,0,0,0,0,0
"141",0,0,1,0,0,1,0,0,1,1,0,0,0,0,1,1,0,1,1,1,0,0,0,1,1,0,0,0,0,1,1,0,0,1,0,1,0,0
"142",0,0,1,0,1,1,0,0,0,1,1,0,1,0,0,0,1,1,0,1,1,0,1,0,0,0,1,0,1,1,1,0,1,1,0,1,0,1
"143",0,0,0,0,0,0,0,0,1,0,0,1,1,0,0,1,0,1,0,1,0,0,1,0,0,0,0,0,0,0,1,1,0,0,0,1,0,1
"144",0,0,0,0,0,0,1,0,1,0,0,0,1,0,0,1,1,0,0,1,0,1,1,1,1,1,1,1,1,0,0,1,0,0,0,0,0,1
"145",0,0,1,0,0,0,1,0,1,1,0,1,1,0,1,0,0,1,0,0,1,1,1,0,0,1,0,0,0,0,1,1,1,1,0,1,1,1
"146",0,1,1,1,0,1,1,0,1,1,1,0,1,1,1,1,1,1,0,1,0,1,0,1,1,1,1,0,1,1,1,0,1,1,1,1,1,1
"147",1,1,1,1,1,1,1,0,1,1,1,0,1,1,1,0,0,1,0,1,1,0,1,1,1,1,0,1,1,1,1,1,1,1,1,1,1,1
"148",0,0,0,0,0,0,0,0,0,0,0,0,0,0,0,0,0,0,0,0,0,0,0,0,0,0,0,0,0,0,0,0,0,0,0,0,0,0
"149",1,0,1,1,1,1,1,0,1,1,0,0,0,1,1,1,1,1,0,1,1,0,1,1,1,1,1,0,1,1,1,1,0,1,1,1,1,1
"150",0,0,0,0,0,0,1,0,1,0,0,0,1,0,0,0,1,1,0,0,0,0,1,1,1,0,1,0,0,0,1,1,0,0,1,1,0,0
"151",1,1,1,0,1,1,1,0,1,1,0,1,0,1,0,1,0,1,0,1,0,0,1,0,1,0,1,0,0,1,0,1,1,1,0,1,0,0
"152",1,0,0,0,0,0,0,0,0,1,0,1,0,0,0,0,0,1,0,1,1,0,1,1,0,0,0,0,0,0,0,1,0,0,0,1,0,0
"153",1,0,0,1,0,1,0,0,1,0,0,0,1,0,1,1,0,1,1,1,1,0,0,1,1,0,1,0,0,1,1,0,0,0,0,1,0,1
"154",1,0,1,0,0,1,1,0,0,1,0,0,0,1,1,1,1,1,0,1,1,1,1,1,1,1,1,0,0,1,0,1,1,1,0,1,1,1
"155",0,1,1,1,1,1,1,0,1,1,0,1,0,0,1,0,1,1,1,1,0,0,1,1,1,0,1,0,0,1,1,0,1,1,1,0,1,0
"156",1,1,1,0,1,1,1,1,1,1,1,1,1,1,1,1,1,1,1,1,1,1,1,1,1,1,1,0,0,1,1,1,1,1,1,1,1,1
"157",0,0,1,1,0,0,0,0,0,1,0,0,0,0,0,0,1,0,0,0,0,0,0,0,0,0,1,0,0,0,0,0,0,0,0,1,0,0
"158",1,1,1,1,1,1,0,1,1,1,1,1,1,1,0,1,0,1,0,1,0,0,1,0,1,0,0,0,0,1,0,1,0,1,0,1,0,0
"159",0,1,0,0,1,1,1,1,1,1,0,1,0,0,0,1,1,1,0,1,0,0,0,1,1,0,0,0,1,1,0,0,1,1,0,1,0,0
"160",0,0,0,1,1,0,1,1,0,1,0,0,0,1,0,0,0,0,0,0,1,0,0,1,1,0,0,0,0,0,0,0,0,0,0,0,0,0
"161",0,1,1,0,1,0,1,1,0,1,1,1,1,0,1,1,1,1,0,1,0,1,1,1,1,0,1,0,1,1,1,0,1,1,0,1,1,0
"162",0,1,1,1,1,1,0,0,1,1,1,0,1,1,0,1,0,1,0,1,1,1,1,1,1,0,1,1,1,0,1,1,1,1,0,0,1,0
"163",0,0,1,0,0,1,0,1,1,1,0,0,0,0,0,1,0,1,1,1,1,1,1,1,1,0,0,0,0,1,1,1,1,1,1,1,1,1
"164",0,1,1,0,1,1,1,1,1,1,1,1,0,0,0,0,1,0,0,1,1,1,1,1,1,0,1,0,1,1,0,1,1,1,1,1,1,1
"165",0,1,1,0,0,1,0,0,1,1,1,0,0,0,1,1,0,0,1,0,0,0,0,1,1,0,1,0,1,0,1,1,1,0,1,0,0,0
"166",0,0,1,0,0,1,0,0,1,1,1,0,0,0,0,0,0,0,0,0,0,0,1,0,1,0,0,1,1,1,0,1,1,0,0,1,0,0
"167",1,1,1,0,1,1,0,1,1,1,1,1,1,0,1,0,1,1,0,1,1,1,1,1,1,0,0,0,1,1,1,0,1,0,1,1,1,0
"168",1,0,1,1,1,1,1,0,1,1,0,0,0,1,1,1,1,1,0,1,1,0,1,1,1,1,1,0,1,1,1,1,0,1,1,1,1,1
"169",0,0,0,0,0,0,0,0,0,0,0,0,0,0,0,0,0,0,0,0,0,0,0,0,0,0,0,0,0,0,0,0,0,0,0,0,0,0
"170",1,1,1,1,0,1,1,0,1,1,1,1,0,0,0,1,0,1,0,0,0,0,1,1,1,1,1,0,0,0,0,0,0,0,0,0,0,0
"171",0,1,0,0,0,0,1,0,1,0,0,0,1,0,0,0,1,0,1,1,0,0,0,0,1,0,1,0,1,0,1,0,0,0,0,0,0,0
"172",0,0,1,1,0,0,0,0,1,0,1,0,1,1,0,0,0,1,0,0,0,0,1,0,0,0,0,0,1,0,1,0,0,1,0,0,0,0
"173",0,0,0,0,0,0,1,0,1,1,1,1,0,1,0,0,0,1,0,1,1,0,0,1,0,0,0,0,1,1,1,0,1,1,0,1,0,1
"174",0,1,0,1,1,1,0,0,0,1,1,1,1,0,0,0,1,1,0,0,0,0,0,1,0,0,1,0,0,1,1,0,0,1,0,1,0,0
"175",1,0,0,1,1,0,1,1,0,1,1,1,1,1,0,0,0,1,1,0,0,0,0,1,0,0,1,1,1,1,1,0,0,1,0,0,0,1
"176",0,0,0,0,0,1,0,0,0,1,1,0,0,0,0,1,0,1,1,1,0,0,0,1,1,0,1,0,0,1,0,1,0,1,0,0,1,0
"177",1,0,0,1,1,1,1,0,1,0,1,1,1,1,0,1,1,1,0,1,0,0,1,1,1,1,1,0,0,1,1,1,1,0,1,1,0,0
"178",0,0,1,1,0,1,1,0,1,0,0,0,0,0,0,0,0,1,0,0,1,0,1,1,1,0,1,0,0,1,0,1,0,0,1,1,0,0
"179",1,1,1,0,1,1,0,1,1,1,0,0,1,1,1,1,0,1,1,1,1,0,0,1,1,0,1,0,0,1,1,0,1,1,0,1,0,0
"180",1,1,1,1,1,1,1,1,0,1,0,1,0,1,0,1,0,1,1,1,1,0,0,1,1,0,1,0,0,0,1,0,1,1,0,1,0,1
"181",0,1,1,1,0,0,1,0,1,0,1,0,0,0,0,0,1,1,0,1,1,0,1,1,0,0,1,0,0,1,1,1,1,1,0,1,0,1
"182",1,1,0,0,1,1,1,1,0,0,1,1,0,0,1,0,0,0,1,0,1,0,1,0,1,0,0,0,1,0,0,0,0,0,1,1,0,0
"183",1,0,0,0,0,0,0,0,1,0,0,1,0,0,1,0,0,0,0,1,1,0,0,0,0,0,0,0,0,0,0,0,0,0,0,0,0,0
"184",0,0,0,0,0,0,1,0,0,0,1,0,0,0,1,0,0,1,0,1,0,1,0,0,0,0,0,0,0,1,1,0,0,1,1,0,0,0
"185",1,1,1,0,0,0,0,0,1,1,1,0,0,1,0,0,1,1,0,1,1,0,0,0,0,0,0,0,0,1,0,1,0,0,1,0,0,0
"186",0,1,1,0,0,0,0,1,0,1,1,1,1,0,0,1,1,1,0,0,0,0,0,0,1,0,1,0,1,1,1,0,0,0,0,1,0,0
"187",0,1,1,1,1,0,0,0,0,0,1,1,1,0,1,0,1,1,0,1,1,0,1,1,0,1,1,1,1,1,1,0,0,0,0,1,0,1
"188",0,0,0,0,0,0,1,0,1,0,0,0,1,0,0,0,1,1,0,0,0,0,1,1,1,0,1,0,0,0,1,1,0,0,1,1,0,0
"189",1,1,1,1,0,1,1,0,1,1,1,1,0,0,0,1,0,1,0,0,0,0,1,1,1,1,1,0,0,0,0,0,0,0,0,0,0,0
"190",0,0,0,0,0,0,0,0,0,0,0,0,0,0,0,0,0,0,0,0,0,0,0,0,0,0,0,0,0,0,0,0,0,0,0,0,0,0
"191",0,1,1,0,1,1,0,0,1,1,1,0,0,1,0,0,1,1,1,1,0,0,0,1,1,1,1,0,1,0,0,0,1,1,0,0,0,0
"192",0,1,1,1,1,0,0,0,0,1,1,0,0,0,0,1,0,1,0,1,0,0,1,0,0,0,0,0,1,1,0,0,0,0,0,1,0,0
"193",0,0,1,0,0,0,0,0,1,1,0,1,0,0,0,0,0,1,0,1,1,0,0,1,1,0,1,0,0,1,0,0,0,0,0,0,0,1
"194",0,0,0,0,0,0,0,0,1,0,0,1,0,1,0,0,0,1,0,1,0,0,0,0,0,1,0,0,0,1,1,0,0,1,0,0,0,0
"195",0,0,0,0,0,0,0,0,1,0,0,1,0,0,0,0,0,1,0,1,0,0,0,0,0,0,1,1,0,0,0,1,0,0,0,0,1,0
"196",1,1,1,1,0,0,1,0,1,0,1,1,1,0,0,0,0,1,0,0,0,1,1,1,1,1,1,1,0,0,1,0,1,0,0,1,0,0
"197",0,0,0,0,0,1,0,1,1,1,0,1,1,0,0,0,0,1,0,1,0,0,1,1,1,1,0,0,1,1,1,0,1,0,1,1,1,1
"198",1,0,0,0,0,1,0,0,0,1,0,0,0,0,1,0,0,0,1,1,1,0,1,0,1,0,0,0,0,1,1,1,1,0,0,1,0,0
"199",1,0,1,1,1,1,1,1,1,1,1,1,0,0,0,1,0,1,1,1,1,0,0,0,1,0,1,0,0,1,1,0,1,0,0,1,1,0
"200",1,0,0,0,0,1,0,0,1,1,1,1,1,0,1,1,1,1,0,1,1,0,0,0,1,0,0,0,0,0,1,1,0,1,1,1,0,0
"201",1,0,0,0,0,0,1,0,1,1,1,0,0,0,0,1,0,0,0,1,1,0,0,0,0,1,0,1,1,1,1,1,1,1,0,1,0,1
"202",0,0,0,0,0,0,0,0,0,0,1,0,0,0,0,1,0,1,0,0,0,0,0,0,1,0,0,1,0,1,0,1,0,0,0,1,0,0
"203",1,0,0,0,0,0,0,0,0,0,0,0,0,0,0,1,0,1,1,1,0,0,0,1,0,0,0,0,0,0,0,1,0,0,0,1,0,0
"204",0,0,0,1,0,1,0,0,0,0,1,0,0,1,0,1,1,1,0,0,0,0,0,0,1,0,0,0,0,0,0,1,0,0,0,1,0,0
"205",0,0,1,1,1,1,0,0,0,1,1,0,0,0,1,1,0,1,0,1,0,0,1,1,0,0,0,0,0,1,1,1,0,0,0,0,0,1
"206",0,1,1,0,1,0,1,0,1,1,1,0,0,0,0,1,0,1,0,1,1,0,1,1,1,1,1,0,1,1,1,1,0,1,0,1,0,1
"207",0,1,1,1,1,1,1,1,1,1,1,1,1,1,0,1,0,1,0,1,1,0,1,1,1,1,1,0,1,1,1,1,1,1,0,1,0,1
"208",1,1,1,0,1,1,1,0,1,1,0,1,0,1,0,1,0,1,0,1,0,0,1,0,1,0,1,0,0,1,0,1,1,1,0,1,0,0
"209",0,1,0,0,0,0,1,0,1,0,0,0,1,0,0,0,1,0,1,1,0,0,0,0,1,0,1,0,1,0,1,0,0,0,0,0,0,0
"210",0,1,1,0,1,1,0,0,1,1,1,0,0,1,0,0,1,1,1,1,0,0,0,1,1,1,1,0,1,0,0,0,1,1,0,0,0,0
"211",0,0,0,0,0,0,0,0,0,0,0,0,0,0,0,0,0,0,0,0,0,0,0,0,0,0,0,0,0,0,0,0,0,0,0,0,0,0
"212",0,1,1,0,0,1,0,0,0,0,1,0,0,1,0,1,0,1,1,1,1,0,0,0,1,0,0,0,0,1,0,0,0,0,0,0,0,0
"213",0,1,0,1,1,0,0,0,1,1,1,0,0,1,1,0,0,1,1,1,1,0,1,1,1,0,0,0,0,1,1,1,1,1,0,1,0,1
"214",0,0,0,0,0,0,1,0,1,0,1,1,0,0,0,0,0,0,0,1,0,0,1,1,1,0,0,0,0,1,1,0,0,1,1,0,0,1
"215",0,0,0,0,0,0,0,0,1,0,1,0,0,0,0,0,0,1,0,1,0,1,1,0,1,0,0,0,0,0,1,0,0,1,1,0,0,1
"216",0,0,1,0,0,0,1,0,0,1,1,0,0,0,0,0,0,0,0,0,1,0,0,1,1,1,1,0,0,0,0,0,0,0,0,0,1,1
"217",1,0,1,0,0,0,1,0,0,0,0,0,1,1,0,0,0,1,0,0,0,0,1,1,1,1,1,0,0,1,1,0,0,0,0,0,0,0
"218",0,0,1,0,0,0,0,0,0,1,0,0,0,0,0,0,0,1,1,1,0,0,1,1,1,1,1,0,1,1,1,0,0,0,0,1,0,1
"219",0,0,1,0,0,0,1,1,1,1,1,0,0,0,0,0,0,1,0,1,1,0,1,1,1,0,1,0,0,1,1,0,1,1,0,0,0,1
"220",1,0,0,0,0,0,1,0,1,1,1,1,1,0,1,0,0,0,0,1,1,0,0,1,1,0,1,0,0,0,0,0,0,1,1,0,1,1
"221",0,0,1,0,0,1,0,0,1,1,0,1,1,0,0,0,0,0,0,1,0,0,1,1,1,1,1,0,0,1,0,0,1,1,0,0,1,1
"222",0,1,1,0,0,0,0,0,0,1,1,0,0,0,1,0,0,0,0,1,1,0,1,0,1,1,0,0,0,0,0,0,0,1,0,0,0,0
"223",0,0,1,1,1,1,1,0,1,1,1,1,0,1,1,1,1,1,0,1,0,1,1,1,1,1,0,0,1,1,1,0,1,1,1,1,1,1
"224",0,1,1,1,0,0,1,0,0,1,1,0,0,1,1,1,0,0,0,1,1,0,1,1,0,0,0,0,1,1,0,1,1,1,1,1,0,1
"225",0,0,1,1,1,1,0,0,0,1,0,1,1,1,0,0,0,0,0,1,0,1,0,0,1,0,1,0,0,0,0,0,0,1,0,0,0,0
"226",1,0,1,0,1,0,1,0,1,1,1,0,0,1,0,1,1,1,0,1,1,1,1,1,1,0,1,0,0,1,1,1,1,1,0,1,0,1
"227",0,0,0,0,0,0,0,0,0,1,1,0,0,0,1,0,0,1,0,0,1,0,0,0,0,0,0,0,0,0,0,0,0,0,0,0,0,1
"228",1,0,0,0,0,0,0,0,0,1,0,1,0,0,0,0,0,1,0,1,1,0,1,1,0,0,0,0,0,0,0,1,0,0,0,1,0,0
"229",0,0,1,1,0,0,0,0,1,0,1,0,1,1,0,0,0,1,0,0,0,0,1,0,0,0,0,0,1,0,1,0,0,1,0,0,0,0
"230",0,1,1,1,1,0,0,0,0,1,1,0,0,0,0,1,0,1,0,1,0,0,1,0,0,0,0,0,1,1,0,0,0,0,0,1,0,0
"231",0,1,1,0,0,1,0,0,0,0,1,0,0,1,0,1,0,1,1,1,1,0,0,0,1,0,0,0,0,1,0,0,0,0,0,0,0,0
"232",0,0,0,0,0,0,0,0,0,0,0,0,0,0,0,0,0,0,0,0,0,0,0,0,0,0,0,0,0,0,0,0,0,0,0,0,0,0
"233",0,1,1,0,1,0,0,0,0,1,0,1,0,0,0,0,0,0,0,1,1,0,1,0,1,0,0,0,1,0,0,0,1,0,0,1,1,0
"234",0,0,0,0,0,0,0,0,0,0,0,1,0,0,0,1,0,0,1,0,0,0,0,1,1,0,0,0,0,1,0,0,0,0,0,1,0,0
"235",0,0,0,0,0,0,0,0,0,0,0,0,1,0,0,0,0,1,0,0,1,0,0,0,0,0,0,0,0,0,0,0,0,1,0,0,0,0
"236",0,1,0,0,0,0,1,0,1,0,1,0,1,1,0,0,0,0,0,0,0,0,1,1,0,1,1,0,0,0,0,0,0,0,0,0,0,1
"237",0,0,1,0,1,0,0,0,0,0,1,0,0,0,0,0,0,0,0,0,0,0,0,0,0,0,1,0,0,0,0,0,0,0,0,0,0,0
"238",0,0,0,1,0,0,1,0,1,1,0,0,0,0,0,0,0,0,0,1,0,0,0,1,1,0,0,0,0,1,0,0,1,0,0,1,0,0
"239",0,0,1,0,1,1,1,1,1,1,0,1,0,1,0,0,0,1,0,1,1,0,0,1,1,0,0,0,1,1,0,0,0,0,0,1,1,0
"240",0,1,0,0,0,0,0,0,1,1,0,0,1,1,1,0,1,1,0,0,0,0,0,0,1,0,0,0,0,0,0,0,0,0,1,0,0,0
"241",0,1,1,0,0,1,0,1,1,1,1,0,0,0,1,0,0,0,1,1,1,0,1,1,0,0,0,1,0,1,1,1,1,0,0,1,1,1
"242",0,1,0,0,0,0,0,0,0,1,1,0,0,0,0,0,0,1,0,1,0,0,0,0,0,0,0,0,0,0,0,0,0,0,0,0,0,0
"243",0,0,1,0,0,0,0,0,0,0,0,0,0,0,0,0,1,0,0,0,1,1,0,0,0,0,0,0,0,0,1,0,0,0,0,0,1,0
"244",0,0,1,1,0,1,0,0,1,0,0,0,0,0,0,0,1,0,0,0,1,0,1,0,0,0,0,0,1,0,0,0,1,1,1,1,1,0
"245",0,0,0,1,0,0,0,0,1,0,0,0,0,0,0,0,0,0,1,1,1,0,0,0,0,1,0,0,1,0,0,0,0,1,0,1,0,1
"246",1,1,0,0,0,0,1,0,1,1,1,0,0,0,1,1,1,1,0,1,1,1,0,0,1,0,1,0,1,1,1,1,1,1,1,1,1,1
"247",1,0,1,0,0,0,1,0,1,0,0,0,0,0,0,0,0,0,0,0,1,0,1,0,0,0,0,1,0,0,1,0,0,1,0,0,0,1
"248",1,0,0,1,0,1,0,0,1,0,0,0,1,0,1,1,0,1,1,1,1,0,0,1,1,0,1,0,0,1,1,0,0,0,0,1,0,1
"249",0,0,0,0,0,0,1,0,1,1,1,1,0,1,0,0,0,1,0,1,1,0,0,1,0,0,0,0,1,1,1,0,1,1,0,1,0,1
"250",0,0,1,0,0,0,0,0,1,1,0,1,0,0,0,0,0,1,0,1,1,0,0,1,1,0,1,0,0,1,0,0,0,0,0,0,0,1
"251",0,1,0,1,1,0,0,0,1,1,1,0,0,1,1,0,0,1,1,1,1,0,1,1,1,0,0,0,0,1,1,1,1,1,0,1,0,1
"252",0,1,1,0,1,0,0,0,0,1,0,1,0,0,0,0,0,0,0,1,1,0,1,0,1,0,0,0,1,0,0,0,1,0,0,1,1,0
"253",0,0,0,0,0,0,0,0,0,0,0,0,0,0,0,0,0,0,0,0,0,0,0,0,0,0,0,0,0,0,0,0,0,0,0,0,0,0
"254",1,1,0,0,0,0,0,0,0,1,0,0,0,0,0,0,0,0,0,0,1,0,0,1,0,0,0,0,0,0,0,0,0,0,1,1,1,1
"255",0,0,0,0,0,1,0,0,0,0,0,1,1,0,0,1,0,1,0,1,0,0,0,0,1,0,0,0,0,0,0,0,0,0,0,1,0,1
"256",0,0,0,0,0,0,0,0,0,1,1,0,1,0,0,1,0,1,0,0,0,0,0,0,0,0,0,0,0,1,0,0,0,1,0,1,0,0
"257",0,0,1,0,0,1,1,0,0,1,1,0,0,0,0,0,0,0,1,0,0,0,0,1,0,1,1,0,0,1,1,0,0,1,0,0,1,0
"258",0,1,1,0,0,0,1,0,0,1,1,0,1,1,0,1,1,0,0,1,1,0,0,1,1,0,0,0,0,1,0,0,0,1,0,1,0,1
"259",1,1,1,0,1,1,0,1,1,1,1,1,0,0,1,1,1,1,0,0,1,0,0,0,1,0,0,0,1,1,0,1,0,1,0,1,0,0
"260",0,1,0,1,1,1,0,1,1,1,1,0,0,1,1,0,0,1,0,1,1,0,0,1,1,1,1,0,1,0,0,0,0,1,0,1,0,0
"261",0,0,1,0,0,1,0,1,0,1,0,0,0,0,0,0,1,0,0,0,0,0,1,1,0,1,1,1,0,1,1,1,1,1,0,1,1,1
"262",0,0,0,0,0,0,1,0,1,0,0,0,1,0,0,0,0,1,0,1,0,0,0,0,0,1,0,0,0,1,0,0,0,0,0,0,0,0
"263",0,0,1,1,1,1,1,0,1,1,1,0,1,1,1,1,1,1,0,1,0,0,0,1,1,1,1,0,1,1,1,0,1,1,1,0,1,1
"264",0,1,0,0,0,0,1,0,0,1,0,1,0,0,0,1,0,0,0,1,0,1,1,1,1,0,0,0,0,0,0,0,1,1,1,0,1,0
"265",0,1,1,0,0,0,1,0,1,0,0,1,0,0,0,1,0,1,0,0,0,0,1,0,1,0,0,0,0,1,1,0,0,1,1,1,0,0
"266",0,0,0,0,0,1,1,1,1,1,1,0,1,0,0,0,0,0,0,0,0,0,1,1,1,1,1,0,0,1,1,0,0,1,1,0,0,0
"267",0,1,0,0,0,0,1,0,0,1,0,0,0,0,1,0,0,0,0,0,1,1,0,0,0,0,1,0,0,0,0,1,0,1,0,0,0,1
"268",1,0,1,0,0,1,1,0,0,1,0,0,0,1,1,1,1,1,0,1,1,1,1,1,1,1,1,0,0,1,0,1,1,1,0,1,1,1
"269",0,1,0,1,1,1,0,0,0,1,1,1,1,0,0,0,1,1,0,0,0,0,0,1,0,0,1,0,0,1,1,0,0,1,0,1,0,0
"270",0,0,0,0,0,0,0,0,1,0,0,1,0,1,0,0,0,1,0,1,0,0,0,0,0,1,0,0,0,1,1,0,0,1,0,0,0,0
"271",0,0,0,0,0,0,1,0,1,0,1,1,0,0,0,0,0,0,0,1,0,0,1,1,1,0,0,0,0,1,1,0,0,1,1,0,0,1
"272",0,0,0,0,0,0,0,0,0,0,0,1,0,0,0,1,0,0,1,0,0,0,0,1,1,0,0,0,0,1,0,0,0,0,0,1,0,0
"273",1,1,0,0,0,0,0,0,0,1,0,0,0,0,0,0,0,0,0,0,1,0,0,1,0,0,0,0,0,0,0,0,0,0,1,1,1,1
"274",0,0,0,0,0,0,0,0,0,0,0,0,0,0,0,0,0,0,0,0,0,0,0,0,0,0,0,0,0,0,0,0,0,0,0,0,0,0
"275",0,0,0,0,0,0,1,0,0,0,1,0,0,1,0,0,1,1,0,0,0,0,0,0,0,0,0,0,0,0,1,0,0,1,1,0,1,1
"276",1,0,1,1,1,0,0,1,0,1,1,1,1,1,1,0,1,0,0,0,1,0,0,0,0,0,0,0,0,0,0,0,0,1,0,0,0,0
"277",0,0,0,0,1,0,0,0,1,1,0,1,0,1,0,0,1,1,0,1,0,0,0,0,0,0,0,0,0,0,0,0,0,1,0,1,0,0
"278",0,0,0,0,0,0,0,0,0,1,0,0,0,0,0,0,1,0,0,1,1,0,0,0,0,0,0,0,0,0,0,1,0,0,1,0,1,0
"279",0,0,1,0,0,0,1,1,1,1,0,0,0,0,0,1,0,1,0,0,1,0,0,1,1,0,0,0,0,0,0,0,0,0,0,0,0,1
"280",0,0,0,1,0,0,0,0,0,1,1,1,1,0,0,0,0,0,0,0,0,0,0,1,0,1,0,0,0,0,0,0,0,0,1,0,1,0
"281",0,0,1,0,0,1,1,1,0,1,1,0,0,0,1,1,0,0,0,1,0,0,1,1,0,1,0,1,0,1,1,1,1,1,0,1,1,1
"282",1,0,0,0,0,0,1,0,1,1,1,0,0,0,0,1,0,1,0,0,0,0,1,1,0,0,1,0,0,0,0,1,0,0,0,0,0,0
"283",0,1,1,1,1,1,1,0,1,1,0,1,0,0,1,0,0,1,1,1,0,0,1,1,1,1,1,0,0,1,1,0,1,1,1,0,1,0
"284",1,0,0,1,1,0,0,0,0,1,0,1,1,0,0,0,0,1,0,1,1,0,0,1,1,0,1,1,1,0,0,1,1,0,1,0,1,1
"285",0,0,1,1,1,1,1,1,1,1,1,1,1,1,1,0,0,1,1,1,1,1,1,1,1,1,1,0,1,1,1,0,1,1,1,1,1,1
"286",0,0,1,0,0,0,0,0,1,1,0,0,0,0,1,0,0,0,0,0,1,1,0,1,1,0,1,0,1,1,1,1,1,1,0,1,0,0
"287",0,1,0,1,0,0,0,1,0,1,0,0,0,0,0,0,0,1,0,1,0,0,0,1,0,1,0,0,0,0,1,0,0,0,0,0,1,0
"288",0,1,1,1,1,1,1,0,1,1,0,1,0,0,1,0,1,1,1,1,0,0,1,1,1,0,1,0,0,1,1,0,1,1,1,0,1,0
"289",1,0,0,1,1,0,1,1,0,1,1,1,1,1,0,0,0,1,1,0,0,0,0,1,0,0,1,1,1,1,1,0,0,1,0,0,0,1
"290",0,0,0,0,0,0,0,0,1,0,0,1,0,0,0,0,0,1,0,1,0,0,0,0,0,0,1,1,0,0,0,1,0,0,0,0,1,0
"291",0,0,0,0,0,0,0,0,1,0,1,0,0,0,0,0,0,1,0,1,0,1,1,0,1,0,0,0,0,0,1,0,0,1,1,0,0,1
"292",0,0,0,0,0,0,0,0,0,0,0,0,1,0,0,0,0,1,0,0,1,0,0,0,0,0,0,0,0,0,0,0,0,1,0,0,0,0
"293",0,0,0,0,0,1,0,0,0,0,0,1,1,0,0,1,0,1,0,1,0,0,0,0,1,0,0,0,0,0,0,0,0,0,0,1,0,1
"294",0,0,0,0,0,0,1,0,0,0,1,0,0,1,0,0,1,1,0,0,0,0,0,0,0,0,0,0,0,0,1,0,0,1,1,0,1,1
"295",0,0,0,0,0,0,0,0,0,0,0,0,0,0,0,0,0,0,0,0,0,0,0,0,0,0,0,0,0,0,0,0,0,0,0,0,0,0
"296",0,0,0,1,1,0,1,1,0,1,1,0,1,1,0,0,0,0,0,0,0,0,0,0,1,0,0,0,0,0,0,0,0,1,0,0,1,0
"297",0,0,0,1,0,0,0,0,1,1,0,0,1,0,0,0,0,1,0,1,0,0,0,0,0,0,0,0,0,0,0,0,1,0,1,1,1,0
"298",0,0,0,0,0,1,1,1,1,1,1,0,0,0,0,0,0,1,0,1,0,0,0,1,1,0,0,0,1,1,0,0,0,1,1,1,0,0
"299",0,0,0,0,0,0,0,0,1,1,0,0,0,0,1,0,0,1,0,1,0,0,0,0,0,0,1,0,1,0,0,0,0,1,0,0,0,1
"300",0,0,0,1,0,0,0,0,1,1,0,0,1,0,0,0,0,0,0,0,0,0,0,1,0,0,0,0,0,0,0,0,0,1,0,0,0,0
"301",0,0,0,0,0,0,0,1,1,1,0,0,0,0,0,1,0,1,1,1,0,0,1,1,0,0,0,0,1,1,0,0,1,1,0,1,1,1
"302",1,0,0,0,0,0,1,0,0,1,1,0,0,0,1,0,0,0,0,1,0,0,0,1,0,0,0,0,0,0,0,0,0,1,0,0,0,0
"303",0,0,1,0,1,0,0,0,0,1,1,0,0,0,0,0,0,1,0,1,1,0,1,1,1,1,1,0,0,1,1,0,0,1,0,0,0,1
"304",0,1,1,0,1,0,0,0,1,0,0,0,1,0,0,1,1,1,1,0,0,0,0,1,1,1,0,0,0,0,0,0,0,0,1,0,0,0
"305",1,1,1,1,1,1,1,0,1,1,1,1,1,1,1,1,1,1,1,1,1,1,1,1,1,1,1,0,1,1,1,1,1,1,1,1,1,1
"306",0,0,1,0,0,1,1,0,0,1,0,0,0,0,1,1,1,1,0,1,0,0,0,1,1,1,1,0,1,1,0,1,1,1,1,1,1,0
"307",1,0,1,0,0,1,1,0,0,1,1,0,0,0,0,0,0,0,0,1,0,0,0,0,0,0,0,0,1,1,1,0,0,0,0,0,0,0
"308",1,1,1,0,1,1,1,1,1,1,1,1,1,1,1,1,1,1,1,1,1,1,1,1,1,1,1,0,0,1,1,1,1,1,1,1,1,1
"309",0,0,0,0,0,1,0,0,0,1,1,0,0,0,0,1,0,1,1,1,0,0,0,1,1,0,1,0,0,1,0,1,0,1,0,0,1,0
"310",1,1,1,1,0,0,1,0,1,0,1,1,1,0,0,0,0,1,0,0,0,1,1,1,1,1,1,1,0,0,1,0,1,0,0,1,0,0
"311",0,0,1,0,0,0,1,0,0,1,1,0,0,0,0,0,0,0,0,0,1,0,0,1,1,1,1,0,0,0,0,0,0,0,0,0,1,1
"312",0,1,0,0,0,0,1,0,1,0,1,0,1,1,0,0,0,0,0,0,0,0,1,1,0,1,1,0,0,0,0,0,0,0,0,0,0,1
"313",0,0,0,0,0,0,0,0,0,1,1,0,1,0,0,1,0,1,0,0,0,0,0,0,0,0,0,0,0,1,0,0,0,1,0,1,0,0
"314",1,0,1,1,1,0,0,1,0,1,1,1,1,1,1,0,1,0,0,0,1,0,0,0,0,0,0,0,0,0,0,0,0,1,0,0,0,0
"315",0,0,0,1,1,0,1,1,0,1,1,0,1,1,0,0,0,0,0,0,0,0,0,0,1,0,0,0,0,0,0,0,0,1,0,0,1,0
"316",0,0,0,0,0,0,0,0,0,0,0,0,0,0,0,0,0,0,0,0,0,0,0,0,0,0,0,0,0,0,0,0,0,0,0,0,0,0
"317",0,0,0,0,1,1,0,1,0,1,0,0,1,1,1,0,0,0,0,0,0,0,0,0,0,0,0,0,1,0,0,0,0,0,0,0,0,0
"318",0,0,1,1,1,1,0,1,1,0,0,0,0,0,0,0,0,0,0,1,0,0,0,1,1,0,0,0,0,0,0,0,0,0,1,0,0,1
"319",0,0,0,1,1,1,0,1,1,1,1,0,1,1,0,0,1,0,0,1,0,0,0,0,1,0,0,0,0,0,0,0,0,1,1,0,0,1
"320",0,0,0,1,1,1,0,1,0,1,1,0,1,1,0,0,0,0,0,0,1,0,1,1,1,0,0,0,0,0,0,1,0,0,0,0,0,0
"321",0,1,0,1,1,1,1,1,1,1,1,0,1,0,0,0,0,0,0,1,0,1,1,1,1,1,0,0,1,0,1,0,1,0,0,1,1,1
"322",0,0,0,1,1,0,0,1,0,1,0,1,1,0,1,0,0,0,0,1,0,0,0,0,0,0,0,0,0,0,0,0,0,0,0,0,1,0
"323",1,0,0,0,0,1,1,1,0,1,0,0,0,1,0,0,1,1,1,1,1,0,0,1,0,1,0,0,0,1,1,0,0,1,0,0,0,0
"324",0,1,1,1,1,0,1,0,1,1,1,0,1,1,0,0,0,1,1,1,0,0,0,0,0,0,0,0,0,0,1,0,0,1,0,0,1,0
"325",1,0,1,1,1,1,1,0,1,1,1,1,0,1,1,1,1,1,1,1,1,1,1,1,1,1,1,1,1,1,1,1,1,1,1,1,1,1
"326",0,0,1,0,0,0,1,0,0,1,1,1,0,1,1,0,1,0,0,1,1,1,0,1,1,1,1,1,0,1,1,1,0,1,1,1,1,0
"327",1,0,1,1,0,0,1,0,1,1,1,0,0,0,1,0,0,1,0,0,0,0,0,1,1,0,1,0,1,1,1,0,0,0,0,0,0,0
"328",0,0,1,1,0,0,0,0,0,1,0,0,0,0,0,0,1,0,0,0,0,0,0,0,0,0,1,0,0,0,0,0,0,0,0,1,0,0
"329",1,0,0,1,1,1,1,0,1,0,1,1,1,1,0,1,1,1,0,1,0,0,1,1,1,1,1,0,0,1,1,1,1,0,1,1,0,0
"330",0,0,0,0,0,1,0,1,1,1,0,1,1,0,0,0,0,1,0,1,0,0,1,1,1,1,0,0,1,1,1,0,1,0,1,1,1,1
"331",1,0,1,0,0,0,1,0,0,0,0,0,1,1,0,0,0,1,0,0,0,0,1,1,1,1,1,0,0,1,1,0,0,0,0,0,0,0
"332",0,0,1,0,1,0,0,0,0,0,1,0,0,0,0,0,0,0,0,0,0,0,0,0,0,0,1,0,0,0,0,0,0,0,0,0,0,0
"333",0,0,1,0,0,1,1,0,0,1,1,0,0,0,0,0,0,0,1,0,0,0,0,1,0,1,1,0,0,1,1,0,0,1,0,0,1,0
"334",0,0,0,0,1,0,0,0,1,1,0,1,0,1,0,0,1,1,0,1,0,0,0,0,0,0,0,0,0,0,0,0,0,1,0,1,0,0
"335",0,0,0,1,0,0,0,0,1,1,0,0,1,0,0,0,0,1,0,1,0,0,0,0,0,0,0,0,0,0,0,0,1,0,1,1,1,0
"336",0,0,0,0,1,1,0,1,0,1,0,0,1,1,1,0,0,0,0,0,0,0,0,0,0,0,0,0,1,0,0,0,0,0,0,0,0,0
"337",0,0,0,0,0,0,0,0,0,0,0,0,0,0,0,0,0,0,0,0,0,0,0,0,0,0,0,0,0,0,0,0,0,0,0,0,0,0
"338",0,0,0,1,0,0,0,0,1,1,1,0,1,0,0,0,0,0,1,0,0,1,0,0,1,0,0,0,0,1,0,0,0,0,1,0,0,0
"339",1,0,0,1,0,0,0,0,0,1,1,1,1,1,0,0,1,0,0,0,1,0,0,1,0,0,0,0,0,0,1,1,0,1,0,0,0,1
"340",0,0,0,0,0,0,0,1,0,1,0,0,1,1,1,0,1,0,0,0,0,0,0,0,0,0,0,0,0,0,0,0,0,0,1,1,0,0
"341",1,0,1,0,1,1,1,1,0,1,0,1,0,1,1,0,0,0,0,1,0,0,1,1,0,1,0,0,1,0,0,0,0,1,0,0,0,0
"342",0,0,0,1,1,0,1,1,1,1,0,0,0,0,0,0,0,0,0,0,0,0,0,0,0,0,0,0,0,0,0,0,0,0,0,0,0,0
"343",1,0,1,1,1,1,1,1,1,1,1,1,1,1,0,1,1,1,1,1,0,0,0,1,1,0,0,0,0,0,0,1,1,0,0,0,0,0
"344",1,1,1,1,1,1,1,1,1,1,1,1,1,1,1,1,1,1,1,1,0,0,0,1,1,0,0,0,0,0,1,0,1,1,1,0,0,0
"345",1,1,1,1,1,1,1,0,1,1,1,0,1,1,1,1,1,1,1,1,1,1,1,1,1,1,1,1,1,1,1,1,1,1,1,1,1,1
"346",0,1,1,0,1,0,1,0,1,1,0,0,1,1,1,1,0,0,0,1,1,0,0,1,1,0,1,1,1,1,0,0,0,0,0,0,1,1
"347",0,1,0,0,0,0,1,0,1,1,1,0,1,0,0,0,0,0,1,0,0,0,0,0,0,0,0,0,0,0,0,0,0,0,0,0,0,0
"348",1,1,1,1,1,1,0,1,1,1,1,1,1,1,0,1,0,1,0,1,0,0,1,0,1,0,0,0,0,1,0,1,0,1,0,1,0,0
"349",0,0,1,1,0,1,1,0,1,0,0,0,0,0,0,0,0,1,0,0,1,0,1,1,1,0,1,0,0,1,0,1,0,0,1,1,0,0
"350",1,0,0,0,0,1,0,0,0,1,0,0,0,0,1,0,0,0,1,1,1,0,1,0,1,0,0,0,0,1,1,1,1,0,0,1,0,0
"351",0,0,1,0,0,0,0,0,0,1,0,0,0,0,0,0,0,1,1,1,0,0,1,1,1,1,1,0,1,1,1,0,0,0,0,1,0,1
"352",0,0,0,1,0,0,1,0,1,1,0,0,0,0,0,0,0,0,0,1,0,0,0,1,1,0,0,0,0,1,0,0,1,0,0,1,0,0
"353",0,1,1,0,0,0,1,0,0,1,1,0,1,1,0,1,1,0,0,1,1,0,0,1,1,0,0,0,0,1,0,0,0,1,0,1,0,1
"354",0,0,0,0,0,0,0,0,0,1,0,0,0,0,0,0,1,0,0,1,1,0,0,0,0,0,0,0,0,0,0,1,0,0,1,0,1,0
"355",0,0,0,0,0,1,1,1,1,1,1,0,0,0,0,0,0,1,0,1,0,0,0,1,1,0,0,0,1,1,0,0,0,1,1,1,0,0
"356",0,0,1,1,1,1,0,1,1,0,0,0,0,0,0,0,0,0,0,1,0,0,0,1,1,0,0,0,0,0,0,0,0,0,1,0,0,1
"357",0,0,0,1,0,0,0,0,1,1,1,0,1,0,0,0,0,0,1,0,0,1,0,0,1,0,0,0,0,1,0,0,0,0,1,0,0,0
"358",0,0,0,0,0,0,0,0,0,0,0,0,0,0,0,0,0,0,0,0,0,0,0,0,0,0,0,0,0,0,0,0,0,0,0,0,0,0
"359",0,0,1,0,1,1,1,0,1,1,1,0,0,0,1,1,0,1,0,1,0,0,0,1,1,0,0,0,1,1,1,0,1,1,1,1,1,1
"360",1,1,1,0,0,0,1,0,0,1,0,0,1,0,0,1,1,1,0,0,0,0,0,0,1,0,1,0,0,1,1,0,0,0,0,0,0,0
"361",0,1,1,0,1,0,0,0,0,1,1,0,1,0,1,1,1,1,0,1,0,0,1,0,1,0,0,0,0,1,1,0,1,1,0,1,1,0
"362",1,0,1,0,0,1,0,1,1,0,1,0,0,1,0,0,0,1,1,1,1,0,0,0,1,0,0,0,1,1,0,0,0,1,1,1,0,0
"363",0,0,1,0,1,1,1,0,0,1,1,0,0,0,1,1,1,1,0,1,0,0,0,1,1,0,0,0,1,1,1,0,1,1,1,1,1,1
"364",0,1,1,1,1,0,0,1,0,1,1,1,1,1,1,1,0,1,0,1,1,0,0,1,0,1,0,0,0,0,0,0,0,0,0,0,0,1
"365",0,0,0,0,0,0,0,1,1,1,0,0,0,0,0,1,0,0,0,0,0,1,0,0,0,0,0,0,0,0,0,1,0,0,0,0,0,0
"366",0,1,1,1,1,1,1,1,1,1,1,1,1,1,1,1,1,1,1,1,0,1,1,1,1,1,1,0,1,1,1,1,1,1,1,1,1,1
"367",0,1,1,0,1,1,0,1,1,1,0,0,1,0,0,0,0,1,0,1,0,0,0,1,1,0,0,0,0,1,1,0,1,0,1,0,0,0
"368",0,1,0,0,1,1,1,1,1,1,0,1,0,0,0,1,1,1,0,1,0,0,0,1,1,0,0,0,1,1,0,0,1,1,0,1,0,0
"369",1,1,1,0,1,1,0,1,1,1,0,0,1,1,1,1,0,1,1,1,1,0,0,1,1,0,1,0,0,1,1,0,1,1,0,1,0,0
"370",1,0,1,1,1,1,1,1,1,1,1,1,0,0,0,1,0,1,1,1,1,0,0,0,1,0,1,0,0,1,1,0,1,0,0,1,1,0
"371",0,0,1,0,0,0,1,1,1,1,1,0,0,0,0,0,0,1,0,1,1,0,1,1,1,0,1,0,0,1,1,0,1,1,0,0,0,1
"372",0,0,1,0,1,1,1,1,1,1,0,1,0,1,0,0,0,1,0,1,1,0,0,1,1,0,0,0,1,1,0,0,0,0,0,1,1,0
"373",1,1,1,0,1,1,0,1,1,1,1,1,0,0,1,1,1,1,0,0,1,0,0,0,1,0,0,0,1,1,0,1,0,1,0,1,0,0
"374",0,0,1,0,0,0,1,1,1,1,0,0,0,0,0,1,0,1,0,0,1,0,0,1,1,0,0,0,0,0,0,0,0,0,0,0,0,1
"375",0,0,0,0,0,0,0,0,1,1,0,0,0,0,1,0,0,1,0,1,0,0,0,0,0,0,1,0,1,0,0,0,0,1,0,0,0,1
"376",0,0,0,1,1,1,0,1,1,1,1,0,1,1,0,0,1,0,0,1,0,0,0,0,1,0,0,0,0,0,0,0,0,1,1,0,0,1
"377",1,0,0,1,0,0,0,0,0,1,1,1,1,1,0,0,1,0,0,0,1,0,0,1,0,0,0,0,0,0,1,1,0,1,0,0,0,1
"378",0,0,1,0,1,1,1,0,1,1,1,0,0,0,1,1,0,1,0,1,0,0,0,1,1,0,0,0,1,1,1,0,1,1,1,1,1,1
"379",0,0,0,0,0,0,0,0,0,0,0,0,0,0,0,0,0,0,0,0,0,0,0,0,0,0,0,0,0,0,0,0,0,0,0,0,0,0
"380",0,0,0,1,1,0,0,1,0,1,1,1,1,1,0,1,0,0,1,1,0,0,0,0,1,0,0,1,0,0,0,0,0,0,0,0,0,0
"381",0,0,0,1,1,1,0,1,0,1,0,0,0,1,0,0,0,1,0,1,0,0,0,1,0,0,0,0,0,0,0,0,0,1,0,0,0,1
"382",0,0,1,0,0,1,0,1,1,1,0,0,0,1,0,0,0,1,0,0,0,0,1,0,0,0,0,0,1,1,0,0,1,1,1,0,1,0
"383",0,0,1,0,1,0,1,0,1,1,1,0,0,0,1,1,0,1,0,1,0,0,0,1,1,0,0,0,1,1,1,0,0,1,1,1,0,1
"384",0,1,1,1,0,1,0,0,1,1,0,1,0,1,1,1,0,1,1,1,0,0,0,1,0,0,0,0,1,0,0,0,0,1,1,0,0,1
"385",0,1,0,0,1,0,1,1,1,1,1,1,1,0,1,1,0,1,1,1,0,1,0,1,1,1,1,1,0,0,1,1,0,1,0,0,0,1
"386",1,1,0,1,1,1,0,0,0,1,1,0,1,0,1,1,0,0,0,1,0,1,0,0,1,0,0,0,0,0,1,0,0,0,0,0,0,1
"387",0,0,0,1,1,0,0,1,0,1,1,1,1,1,0,1,0,0,0,1,0,1,1,1,0,0,0,0,0,0,0,0,0,0,0,0,0,0
"388",0,0,0,1,1,0,1,1,0,1,0,0,0,1,0,0,0,0,0,0,1,0,0,1,1,0,0,0,0,0,0,0,0,0,0,0,0,0
"389",1,1,1,1,1,1,1,1,0,1,0,1,0,1,0,1,0,1,1,1,1,0,0,1,1,0,1,0,0,0,1,0,1,1,0,1,0,1
"390",1,0,0,0,0,1,0,0,1,1,1,1,1,0,1,1,1,1,0,1,1,0,0,0,1,0,0,0,0,0,1,1,0,1,1,1,0,0
"391",1,0,0,0,0,0,1,0,1,1,1,1,1,0,1,0,0,0,0,1,1,0,0,1,1,0,1,0,0,0,0,0,0,1,1,0,1,1
"392",0,1,0,0,0,0,0,0,1,1,0,0,1,1,1,0,1,1,0,0,0,0,0,0,1,0,0,0,0,0,0,0,0,0,1,0,0,0
"393",0,1,0,1,1,1,0,1,1,1,1,0,0,1,1,0,0,1,0,1,1,0,0,1,1,1,1,0,1,0,0,0,0,1,0,1,0,0
"394",0,0,0,1,0,0,0,0,0,1,1,1,1,0,0,0,0,0,0,0,0,0,0,1,0,1,0,0,0,0,0,0,0,0,1,0,1,0
"395",0,0,0,1,0,0,0,0,1,1,0,0,1,0,0,0,0,0,0,0,0,0,0,1,0,0,0,0,0,0,0,0,0,1,0,0,0,0
"396",0,0,0,1,1,1,0,1,0,1,1,0,1,1,0,0,0,0,0,0,1,0,1,1,1,0,0,0,0,0,0,1,0,0,0,0,0,0
"397",0,0,0,0,0,0,0,1,0,1,0,0,1,1,1,0,1,0,0,0,0,0,0,0,0,0,0,0,0,0,0,0,0,0,1,1,0,0
"398",1,1,1,0,0,0,1,0,0,1,0,0,1,0,0,1,1,1,0,0,0,0,0,0,1,0,1,0,0,1,1,0,0,0,0,0,0,0
"399",0,0,0,1,1,0,0,1,0,1,1,1,1,1,0,1,0,0,1,1,0,0,0,0,1,0,0,1,0,0,0,0,0,0,0,0,0,0
"400",0,0,0,0,0,0,0,0,0,0,0,0,0,0,0,0,0,0,0,0,0,0,0,0,0,0,0,0,0,0,0,0,0,0,0,0,0,0
